,Product Name,Price,Discount Percentage,Saved Amount,URL
0,Apple  AirPods Max (Lightning) ,1279.98,16,250.0,https://www.bestbuy.com/site/apple-airpods-max-lightning-silver/6373463.p?skuId=6373463
1,Bowers & Wilkins  Px7 S2e Wireless Noise Cancelling Over,1029.98,16,200.0,https://www.bestbuy.com/site/bowers-wilkins-px7-s2e-wireless-noise-cancelling-over-the-ear-headphones-anthracite-black/6562973.p?skuId=6562973
2,Sony  WH1000XM5 Wireless Noise,929.98,11,120.0,https://www.bestbuy.com/site/sony-wh1000xm5-wireless-noise-canceling-over-the-ear-headphones-black/6505727.p?skuId=6505727
3,Technics  Wireless Noise Cancelling Over,909.98,12,120.0,https://www.bestbuy.com/site/technics-wireless-noise-cancelling-over-ear-headphones-with-2-device-multipoint-connectivity-silver/6549409.p?skuId=6549409
4,Sony  WF1000XM4 True Wireless Noise Cancelling In,399.99,27,150.0,https://www.bestbuy.com/site/sony-wf1000xm4-true-wireless-noise-cancelling-in-ear-headphones-silver/6462205.p?skuId=6462205
5,JBL  Tour Pro 3 True Wireless Noise Cancelling Earbuds ,339.98,15,60.0,https://www.bestbuy.com/site/jbl-tour-pro-3-true-wireless-noise-cancelling-earbuds-black/6590287.p?skuId=6590287
6,JBL  Tour One M2 True Adaptive Noise Cancelling Headphones ,318.95,18,70.0,https://www.bestbuy.com/site/jbl-tour-one-m2-true-adaptive-noise-cancelling-headphones-black/6582670.p?skuId=6582670
7,Sony  WF1000XM5 True Wireless Noise Cancelling Earbuds ,324.99,19,74.00999999999999,https://www.bestbuy.com/site/sony-wf1000xm5-true-wireless-noise-cancelling-earbuds-black/6546812.p?skuId=6546812
8,Sennheiser  Momentum 3 True Wireless Noise Cancelling In,299.99,25,100.0,https://www.bestbuy.com/product/sennheiser-momentum-3-true-wireless-noise-cancelling-in-ear-headphones-black/6501340/openbox
9,Beats Studio Pro  Wireless Noise Cancelling Over,239.98,20,60.00000000000003,https://www.bestbuy.com/site/beats-studio-pro-wireless-noise-cancelling-over-the-ear-headphones-black/6501017.p?skuId=6501017
10,Sony  WH1000XM4 Wireless Noise,264.99,24,85.0,https://www.bestbuy.com/site/sony-wh1000xm4-wireless-noise-cancelling-over-the-ear-headphones-black/6408356.p?skuId=6408356
11,Jabra  Elite 10 Gen 2 Dolby Atmos Noise Cancelling Wireless In,199.99,29,80.0,https://www.bestbuy.com/site/jabra-elite-10-gen-2-dolby-atmos-noise-cancelling-wireless-in-ear-headphones-with-smart-case-titanium-black/6582106.p?skuId=6582106
12,Google  Pixel Buds Pro 2 ,199.0,13,30.0,https://www.bestbuy.com/site/google-pixel-buds-pro-2-wireless-earbuds-with-active-noise-cancellation-bluetooth-headphones-hazel/6589932.p?skuId=6589932
13,"Apple  AirPods Pro 2, Wireless Active Noise Cancelling Earbuds with Hearing Aid Feature ",189.99,24,60.0,https://www.bestbuy.com/site/apple-airpods-pro-2-wireless-active-noise-cancelling-earbuds-with-hearing-aid-feature-white/6447382.p?skuId=6447382
14,Bose  Geek Squad Certified Refurbished Ultra Open,189.99,36,109.00999999999999,https://www.bestbuy.com/site/bose-geek-squad-certified-refurbished-ultra-open-ear-true-wireless-open-earbuds-black/6577828.p?skuId=6577828
15,JBL  Live Beam 3 True Wireless Noise Cancelling Earbuds ,179.99,10,20.0,https://www.bestbuy.com/site/jbl-live-beam-3-true-wireless-noise-cancelling-earbuds-black/6582671.p?skuId=6582671
16,JBL  Live Buds 3 True Wireless Noise Cancelling Earbuds ,179.99,10,20.0,https://www.bestbuy.com/site/jbl-live-buds-3-true-wireless-noise-cancelling-earbuds-black/6582669.p?skuId=6582669
17,Sony  LinkBuds Open True Wireless Earbuds ,179.99,10,20.0,https://www.bestbuy.com/site/sony-linkbuds-open-true-wireless-earbuds-black/6594430.p?skuId=6594430
18,LG  Geek Squad Certified Refurbished TONE Free Fit TF8Q True Wireless Noise Cancelling In,179.99,10,20.0,https://www.bestbuy.com/site/lg-geek-squad-certified-refurbished-tone-free-fit-tf8q-true-wireless-noise-cancelling-in-ear-earbuds-black/6538380.p?skuId=6538380
19,Sony  LinkBuds Fit True Wireless Noise Canceling Earbuds ,179.0,10,20.99000000000001,https://www.bestbuy.com/site/sony-linkbuds-fit-true-wireless-noise-canceling-earbuds-black/6594431.p?skuId=6594431
20,Jabra  Elite 8 Active Gen 2 Military Grade Wireless In,169.99,26,60.0,https://www.bestbuy.com/site/jabra-elite-8-active-gen-2-military-grade-wireless-in-ear-headphones-with-smart-case-black/6582100.p?skuId=6582100
21,Beats  Solo³ Wireless On,169.99,15,30.0,https://www.bestbuy.com/site/beats-solo3-wireless-on-ear-headphones-rose-gold/6383126.p?skuId=6383126
22,Google  Refurbished Pixel Buds Pro 2 ,169.99,26,59.00999999999999,https://www.bestbuy.com/site/google-refurbished-pixel-buds-pro-2-wireless-earbuds-with-active-noise-cancellation-bluetooth-headphones-hazel/6605237.p?skuId=6605237
23,Beats Fit Pro True Wireless Noise Cancelling InEar Earbuds ,159.99,20,40.0,https://www.bestbuy.com/site/beats-fit-pro-true-wireless-noise-cancelling-in-ear-earbuds-black/6397391.p?skuId=6397391
24,Apple  Geek Squad Certified Refurbished AirPods Pro (2nd generation) with MagSafe Case (USB‑C) ,159.99,36,90.0,https://www.bestbuy.com/site/apple-geek-squad-certified-refurbished-airpods-pro-2nd-generation-with-magsafe-case-usbc-white/6562127.p?skuId=6562127
25,Marshall  Motif II A.N.C. True Wireless Noise Cancelling Earbuds ,157.99,21,42.0,https://www.bestbuy.com/site/marshall-motif-ii-a-n-c-true-wireless-noise-cancelling-earbuds-black/6556931.p?skuId=6556931
26,Samsung  Geek Squad Certified Refurbished Galaxy Buds Pro True Wireless Earbud Headphones ,152.99,24,47.0,https://www.bestbuy.com/site/samsung-geek-squad-certified-refurbished-galaxy-buds-pro-true-wireless-earbud-headphones-white/6506956.p?skuId=6506956
27,Sony  ULT WEAR Wireless Noise Canceling Headphones ,149.99,25,50.0,https://www.bestbuy.com/site/sony-ult-wear-wireless-noise-canceling-headphones-black/6576179.p?skuId=6576179
28,Jabra  Elite 10 Dolby Atmos True Wireless In,149.99,40,100.0,https://www.bestbuy.com/site/jabra-elite-10-dolby-atmos-true-wireless-in-ear-heaphones-gloss-black/6553258.p?skuId=6553258
29,Samsung  Galaxy Buds3 Wireless Earbud Headphones ,149.99,17,30.0,https://www.bestbuy.com/site/samsung-galaxy-buds3-wireless-earbud-headphones-silver/6585611.p?skuId=6585611
30,Apple  Geek Squad Certified Refurbished AirPods 4 with Active Noise Cancellation ,144.99,19,35.0,https://www.bestbuy.com/site/apple-geek-squad-certified-refurbished-airpods-4-with-active-noise-cancellation-white/6601300.p?skuId=6601300
31,Sennheiser  ACCENTUM True Wireless Earbuds ,144.99,28,55.0,https://www.bestbuy.com/site/sennheiser-accentum-true-wireless-earbuds-black/6582089.p?skuId=6582089
32,Sennheiser  SPORT True Wireless In,139.99,7,10.0,https://www.bestbuy.com/site/sennheiser-sport-true-wireless-in-ear-headphones-black/6506371.p?skuId=6506371
33,Marshall  Major V Wireless On,137.99,8,12.0,https://www.bestbuy.com/site/marshall-major-v-wireless-on-ear-headphones-black/6584556.p?skuId=6584556
34,Samsung  Geek Squad Certified Refurbished Galaxy Buds3 Pro Wireless Earbud Headphones ,134.99,46,115.0,https://www.bestbuy.com/site/samsung-geek-squad-certified-refurbished-galaxy-buds3-pro-wireless-earbud-headphones-silver/6593921.p?skuId=6593921
35,Beats  Solo 4 True Wireless On,129.99,35,70.0,https://www.bestbuy.com/site/beats-solo-4-true-wireless-on-ear-headphones-cloud-pink/6501022.p?skuId=6501022
36,Beats  Powerbeats Pro Totally Wireless Earbuds ,129.99,35,70.0,https://www.bestbuy.com/site/beats-powerbeats-pro-totally-wireless-earbuds-black/6341988.p?skuId=6341988
37,Jabra  Elite 8 Active Military Grade HearThrough True Wireless Headphones ,129.99,35,70.0,https://www.bestbuy.com/site/jabra-elite-8-active-military-grade-hearthrough-true-wireless-headphones-navy/6553260.p?skuId=6553260
38,Sony  LinkBuds S True Wireless Noise Canceling Earbuds ,129.99,35,70.0,https://www.bestbuy.com/site/sony-linkbuds-s-true-wireless-noise-canceling-earbuds-black/6505725.p?skuId=6505725
39,Beats Studio Buds + True Wireless Noise Cancelling Earbuds  Transparent,129.99,24,40.0,https://www.bestbuy.com/site/beats-studio-buds-true-wireless-noise-cancelling-earbuds-transparent/6501047.p?skuId=6501047
40,JBL  SoundGear Sense Hybrid Open,129.99,13,20.0,https://www.bestbuy.com/site/jbl-soundgear-sense-hybrid-open-ear-headphones-with-detachable-neckband-black/6582672.p?skuId=6582672
41,Apple  Geek Squad Certified Refurbished AirPods (3rd generation) with Lightning Charging Case ,129.99,24,40.0,https://www.bestbuy.com/site/apple-geek-squad-certified-refurbished-airpods-3rd-generation-with-lightning-charging-case-white/6525171.p?skuId=6525171
42,Bose  QuietComfort True Wireless Noise Cancelling In,129.0,28,50.0,https://www.bestbuy.com/site/bose-quietcomfort-true-wireless-noise-cancelling-in-ear-earbuds-black/6590627.p?skuId=6590627
43,Google  Geek Squad Certified Refurbished Pixel Buds Pro True Wireless Noise Cancelling Earbuds ,125.99,37,74.00000000000001,https://www.bestbuy.com/site/google-geek-squad-certified-refurbished-pixel-buds-pro-true-wireless-noise-cancelling-earbuds-bay/6566149.p?skuId=6566149
44,JBL  Live 770NC Wireless Over,119.99,40,80.00000000000001,https://www.bestbuy.com/site/jbl-live-770nc-wireless-over-ear-headphones-with-true-adaptive-noise-cancelling-black/6572447.p?skuId=6572447
45,Geek Squad Certified Refurbished Beats Fit Pro True Wireless Noise Cancelling InEar Headphones ,119.99,40,80.00000000000001,https://www.bestbuy.com/site/geek-squad-certified-refurbished-beats-fit-pro-true-wireless-noise-cancelling-in-ear-headphones-black/6490268.p?skuId=6490268
46,Beats  Geek Squad Certified Refurbished Powerbeats Pro Totally Wireless Earphones ,119.99,40,80.00000000000001,https://www.bestbuy.com/site/beats-geek-squad-certified-refurbished-powerbeats-pro-totally-wireless-earphones-navy/6389349.p?skuId=6389349
47,Skullcandy  Crusher Evo Over,111.99,44,88.00000000000001,https://www.bestbuy.com/site/skullcandy-crusher-evo-over-the-ear-wireless-headphones-matte-black/6580350.p?skuId=6580350
48,JBL  Tour Pro Plus True Wireless Noise Cancelling Headphones ,109.99,45,90.00000000000001,https://www.bestbuy.com/site/jbl-tour-pro-plus-true-wireless-noise-cancelling-headphones-black/6463746.p?skuId=6463746
49,Samsung  Geek Squad Certified Refurbished Galaxy Buds Pro True Wireless Noise Canceling Earbud Headphones ,109.99,45,90.00000000000001,https://www.bestbuy.com/site/samsung-geek-squad-certified-refurbished-galaxy-buds-pro-true-wireless-noise-canceling-earbud-headphones-phantom-black/6452098.p?skuId=6452098
50,Apple  Geek Squad Certified Refurbished AirPods 4 ,107.99,17,22.000000000000014,https://www.bestbuy.com/site/apple-geek-squad-certified-refurbished-airpods-4-white/6601298.p?skuId=6601298
51,Beats Studio Buds Totally Wireless Noise Cancelling Earbuds  Black,99.99,33,50.000000000000014,https://www.bestbuy.com/site/beats-studio-buds-totally-wireless-noise-cancelling-earbuds-black/4900915.p?skuId=4900915
52,JVC  Over,99.99,17,20.0,https://www.bestbuy.com/site/jvc-over-the-ear-headphones-has95nb-black/6595663.p?skuId=6595663
53,JLab  Epic Air Sport ANC True Wireless Earbuds ,94.99,5,5.0,https://www.bestbuy.com/site/jlab-epic-air-sport-anc-true-wireless-earbuds-black/6426501.p?skuId=6426501
54,Beats  Solo³ Wireless On,91.99,8,7.990000000000009,https://www.bestbuy.com/product/beats-solo3-wireless-on-ear-headphones-matte-black/6383124/openbox
55,Shure  AONIC 215 Sound Isolating Earphones ,89.99,40,60.000000000000014,https://www.bestbuy.com/site/shure-aonic-215-sound-isolating-earphones-clear/6454191.p?skuId=6454191
56,Sony  WHCH720N Wireless Noise Canceling Headphones ,89.99,40,60.000000000000014,https://www.bestbuy.com/site/sony-whch720n-wireless-noise-canceling-headphones-black/6533162.p?skuId=6533162
57,Jabra  Elite 5 True Wireless Hybrid Active Noise Cancelling In,89.99,47,80.00000000000001,https://www.bestbuy.com/site/jabra-elite-5-true-wireless-hybrid-active-noise-cancelling-in-ear-headphones-titanium-black/6576529.p?skuId=6576529
58,Geek Squad Certified Refurbished Beats Studio Buds + True Wireless Noise Cancelling Earbuds  Transparent,89.99,31,40.000000000000014,https://www.bestbuy.com/site/geek-squad-certified-refurbished-beats-studio-buds-true-wireless-noise-cancelling-earbuds-transparent/6543081.p?skuId=6543081
59,Apple  Geek Squad Certified Refurbished AirPods with Charging Case (2nd generation) ,84.99,15,15.0,https://www.bestbuy.com/site/apple-geek-squad-certified-refurbished-airpods-with-charging-case-2nd-generation-white/6344418.p?skuId=6344418
60,ASUS  ROG Cetra True Wireless Hybrid Active Noise Cancelation In,80.99,19,19.0,https://www.bestbuy.com/site/asus-rog-cetra-true-wireless-hybrid-active-noise-cancelation-in-ear-gaming-earbuds-black/6527037.p?skuId=6527037
61,ASUS  ROG CETRA True Wireless In,79.99,41,55.000000000000014,https://www.bestbuy.com/site/asus-rog-cetra-true-wireless-in-ear-gaming-earbuds-white/6541827.p?skuId=6541827
62,Skullcandy  Hesh ANC ,79.99,38,50.000000000000014,https://www.bestbuy.com/site/skullcandy-hesh-anc-over-the-ear-noise-canceling-wireless-headphones-true-black/6427090.p?skuId=6427090
63,JBL  Tune 770NC Adaptive Noise Cancelling Wireless Over,79.99,38,50.000000000000014,https://www.bestbuy.com/site/jbl-tune-770nc-adaptive-noise-cancelling-wireless-over-ear-headphone-black/6572446.p?skuId=6572446
64,Sony  WF,79.99,33,40.0,https://www.bestbuy.com/site/sony-wf-c700n-truly-wireless-noise-canceling-in-ear-headphones-black/6538256.p?skuId=6538256
65,JBL  Endurance Peak 3 Dust and Waterproof True Wireless Active Earbuds ,79.99,20,20.0,https://www.bestbuy.com/site/jbl-endurance-peak-3-dust-and-waterproof-true-wireless-active-earbuds-black/6532921.p?skuId=6532921
66,Google  Pixel Buds A,79.99,20,20.0,https://www.bestbuy.com/site/google-pixel-buds-a-series-true-wireless-in-ear-headphones-clearly-white/6461033.p?skuId=6461033
67,Skullcandy  Push ANC Active Noise Canceling True Wireless Earbuds ,79.99,20,20.0,https://www.bestbuy.com/site/skullcandy-push-anc-active-noise-canceling-true-wireless-earbuds-black/6580351.p?skuId=6580351
68,Skullcandy  Icon ANC Over,79.99,20,20.0,https://www.bestbuy.com/site/skullcandy-icon-anc-over-the-ear-noise-canceling-wireless-headphones-black/6588301.p?skuId=6588301
69,JVC  Open,79.99,20,20.0,https://www.bestbuy.com/site/jvc-open-ear-headphones-hanp1tb-black/6595664.p?skuId=6595664
70,JBL  Live460NC Wireless Noise Cancelling On,77.99,40,52.000000000000014,https://www.bestbuy.com/site/jbl-live460nc-wireless-noise-cancelling-on-ear-headphones-black/6474472.p?skuId=6474472
71,Pioneer DJ  HDJ,76.99,14,13.0,https://www.bestbuy.com/site/pioneer-dj-hdj-cue1-dj-headphones-dark-silver/6431062.p?skuId=6431062
72,Skullcandy  Sesh ANC Active Noise Canceling True Wireless Earbuds ,74.99,17,15.0,https://www.bestbuy.com/site/skullcandy-sesh-anc-active-noise-canceling-true-wireless-earbuds-black/6580346.p?skuId=6580346
73,Samsung  Galaxy Buds FE Wireless Earbud Headphones ,69.99,30,30.0,https://www.bestbuy.com/site/samsung-galaxy-buds-fe-wireless-earbud-headphones-graphite/6560685.p?skuId=6560685
74,JBL  Tune 235NC True Wireless Noise Cancelling In,69.99,30,30.0,https://www.bestbuy.com/site/jbl-tune-235nc-true-wireless-noise-cancelling-in-ear-earbuds-black/6535036.p?skuId=6535036
75,Skullcandy  Hesh Evo Over,69.99,33,35.0,https://www.bestbuy.com/site/skullcandy-hesh-evo-over-the-ear-wireless-true-black/6427089.p?skuId=6427089
76,Jabra  Elite 4 Active True Wireless Noise Cancelling In,69.99,42,50.0,https://www.bestbuy.com/site/jabra-elite-4-active-true-wireless-noise-cancelling-in-ear-headphones-black/6492218.p?skuId=6492218
77,Samsung  Geek Squad Certified Refurbished Galaxy Buds3 Wireless Earbud Headphones ,69.99,61,110.00000000000001,https://www.bestbuy.com/site/samsung-geek-squad-certified-refurbished-galaxy-buds3-wireless-earbud-headphones-silver/6593745.p?skuId=6593745
78,Samsung  Geek Squad Certified Refurbished Galaxy Buds2 Pro True Wireless Earbud Headphones ,69.99,70,160.0,https://www.bestbuy.com/site/samsung-geek-squad-certified-refurbished-galaxy-buds2-pro-true-wireless-earbud-headphones-graphite/6513725.p?skuId=6513725
79,Geek Squad Certified Refurbished Beats Studio Buds True Wireless Noise Cancelling Earbuds  Black,64.99,57,85.00000000000001,https://www.bestbuy.com/site/geek-squad-certified-refurbished-beats-studio-buds-true-wireless-noise-cancelling-earbuds-black/6473899.p?skuId=6473899
80,JBL  Tune 670NC Adaptive Noise Cancelling Wireless On,59.99,40,39.99999999999999,https://www.bestbuy.com/site/jbl-tune-670nc-adaptive-noise-cancelling-wireless-on-ear-headphone-black/6572449.p?skuId=6572449
81,Jabra  Elite 4 True Wireless Noise Cancelling In,59.99,40,39.99999999999999,https://www.bestbuy.com/site/jabra-elite-4-true-wireless-noise-cancelling-in-ear-headphones-dark-grey/6537317.p?skuId=6537317
82,Samsung  Geek Squad Certified Refurbished Galaxy Buds2 True Wireless Earbud Headphones ,59.99,60,90.0,https://www.bestbuy.com/site/samsung-geek-squad-certified-refurbished-galaxy-buds2-true-wireless-earbud-headphones-graphite/6481385.p?skuId=6481385
83,Sennheiser  HD 400S Wired Over,55.99,20,13.999999999999993,https://www.bestbuy.com/site/sennheiser-hd-400s-wired-over-the-ear-headphones-black/6332153.p?skuId=6332153
84,Google  Geek Squad Certified Refurbished Pixel Buds A,54.99,45,44.99999999999999,https://www.bestbuy.com/site/google-geek-squad-certified-refurbished-pixel-buds-a-series-true-wireless-in-ear-headphones-white/6470572.p?skuId=6470572
85,JBL  Tune Flex True Wireless Noise Cancelling Earbuds ,49.99,50,49.99999999999999,https://www.bestbuy.com/site/jbl-tune-flex-true-wireless-noise-cancelling-earbuds-black/6532920.p?skuId=6532920
86,JBL  Tune Buds True Wireless Noise Cancelling Earbuds ,49.99,50,49.99999999999999,https://www.bestbuy.com/site/jbl-tune-buds-true-wireless-noise-cancelling-earbuds-black/6541397.p?skuId=6541397
87,JLab  JBuds Lux ANC Headphones ,49.99,38,29.999999999999993,https://www.bestbuy.com/site/jlab-jbuds-lux-anc-headphones-graphite/6580402.p?skuId=6580402
88,JBL  Tune 660NC On,49.99,50,49.99999999999999,https://www.bestbuy.com/site/jbl-tune-660nc-on-ear-noise-cancelling-wireless-headphones-black/6508087.p?skuId=6508087
89,Skullcandy  Push Play True Wireless Earbuds ,49.99,17,10.0,https://www.bestbuy.com/site/skullcandy-push-play-true-wireless-earbuds-black/6580348.p?skuId=6580348
90,JVC  Marshmallow Plus True Wireless Headphones with Noise Cancelling ,49.99,17,10.0,https://www.bestbuy.com/site/jvc-marshmallow-plus-true-wireless-headphones-with-noise-cancelling-black/6538202.p?skuId=6538202
91,Bose  Frames Tempo ,49.99,80,199.01,https://www.bestbuy.com/site/bose-frames-tempo-sports-audio-sunglasses-with-polarized-lenses-black/6420331.p?skuId=6420331
92,Samsung  Geek Squad Certified Refurbished Galaxy Buds Live True Wireless Earbud Headphones ,48.99,67,101.0,https://www.bestbuy.com/site/samsung-geek-squad-certified-refurbished-galaxy-buds-live-true-wireless-earbud-headphones-blue/6566161.p?skuId=6566161
93,Sony  WFC510 Truly Wireless Earbuds ,48.0,20,11.990000000000002,https://www.bestbuy.com/site/sony-wfc510-truly-wireless-earbuds-black/6594425.p?skuId=6594425
94,"Tronsmart  Wired Headphones with 85/93dB Safe Volume, Foldable Adjustable Stereo Tangle",46.99,6,3.0,https://www.bestbuy.com/site/tronsmart-wired-headphones-with-85-93db-safe-volume-foldable-adjustable-stereo-tangle-free-3-5mm-jack-wired-cord-on-ear-headset-blue-pink/6600559.p?skuId=6600559
95,JVC  Wireless Deep Bass On,44.99,10,5.0,https://www.bestbuy.com/site/jvc-wireless-deep-bass-on-ear-headphones-black/6538056.p?skuId=6538056
96,JBL  Endurance Race Waterproof True Wireless Sport Earbud Headphones ,39.99,50,39.99999999999999,https://www.bestbuy.com/site/jbl-endurance-race-waterproof-true-wireless-sport-earbud-headphones-black/6501223.p?skuId=6501223
97,Sony  WH,39.99,33,20.0,https://www.bestbuy.com/site/sony-wh-ch520-wireless-headphone-with-microphone-black/6533161.p?skuId=6533161
98,JLab Flex OpenClip True Wireless Earbuds ,39.99,20,10.0,https://www.bestbuy.com/site/jlab-flex-open-clip-true-wireless-earbuds-black/6580408.p?skuId=6580408
99,JVC  Air Cushion In Ear Neckband Bluetooth Wireless Headphones ,39.99,20,10.0,https://www.bestbuy.com/site/jvc-air-cushion-in-ear-neckband-bluetooth-wireless-headphones-black/6415421.p?skuId=6415421
100,"Tronsmart  Active Noise Cancelling Wireless Headphones with 74/85/93dB Safe Volume, LED Lights, 70H Playtime Over",39.99,20,10.0,https://www.bestbuy.com/site/tronsmart-active-noise-cancelling-wireless-headphones-with-74-85-93db-safe-volume-led-lights-70h-playtime-over-ear-anc-headsets-pink/6595623.p?skuId=6595623
101,Samsung  Geek Squad Certified Refurbished Galaxy Buds FE Wireless Earbud Headphones ,39.99,60,59.99999999999999,https://www.bestbuy.com/site/samsung-geek-squad-certified-refurbished-galaxy-buds-fe-wireless-earbud-headphones-graphite/6565946.p?skuId=6565946
102,JLab  JBuds Mini True Wireless Earbuds ,36.99,8,3.0,https://www.bestbuy.com/site/jlab-jbuds-mini-true-wireless-earbuds-pink/6558682.p?skuId=6558682
103,JBL  TUNE520BT wireless on,34.99,30,15.0,https://www.bestbuy.com/site/jbl-tune520bt-wireless-on-ear-headphones-black/6572450.p?skuId=6572450
104,Skullcandy  Cassette Wireless On,30.99,6,2.0000000000000036,https://www.bestbuy.com/site/skullcandy-cassette-wireless-on-ear-headphones-black/6411942.p?skuId=6411942
105,Belkin  SoundForm Inspire Wireless Youth Over,30.99,23,9.000000000000004,https://www.bestbuy.com/site/belkin-soundform-inspire-wireless-youth-over-ear-headset-lavender/6568897.p?skuId=6568897
106,JBL  Vibe Buds True Wireless Earbuds ,29.99,40,20.000000000000004,https://www.bestbuy.com/site/jbl-vibe-buds-true-wireless-earbuds-black/6532922.p?skuId=6532922
107,JVC  Marshmallow True Wireless Headphones ,29.99,25,10.000000000000004,https://www.bestbuy.com/site/jvc-marshmallow-true-wireless-headphones-black/6538205.p?skuId=6538205
108,"Tronsmart  Wireless Headphones with 74/85/93dB Safe Volume, Bluetooth 5.3, 45H Playtime, 3.5mm Jack, Over",29.99,14,5.0000000000000036,https://www.bestbuy.com/site/tronsmart-wireless-headphones-with-74-85-93db-safe-volume-bluetooth-5-3-45h-playtime-3-5mm-jack-over-ear-headsets-for-school-navy-blue/6590260.p?skuId=6590260
109,JBL  Vibe Beam True Wireless Earbuds ,24.99,50,25.000000000000004,https://www.bestbuy.com/site/jbl-vibe-beam-true-wireless-earbuds-black/6533939.p?skuId=6533939
110,JVC  Gumy True Wireless Headphones ,22.99,23,7.0,https://www.bestbuy.com/site/jvc-gumy-true-wireless-headphones-white/6538200.p?skuId=6538200
111,JLab  GO Air POP True Wireless In,19.99,20,5.0,https://www.bestbuy.com/site/jlab-go-air-pop-true-wireless-in-ear-headphones-black/6472667.p?skuId=6472667
112,JLab  GO Air Pop True Wireless Earbuds ,19.99,20,5.0,https://www.bestbuy.com/site/jlab-go-air-pop-true-wireless-earbuds-lilac/6472665.p?skuId=6472665
113,JVC  True Wireless Headphones Earbud Style ,19.99,20,5.0,https://www.bestbuy.com/site/jvc-true-wireless-headphones-earbud-style-black/6504402.p?skuId=6504402
114,"Tronsmart  Sounfii R4 Wireless Earbuds with 4 ENC Noise Cancelling Mics, 28Hrs Bluetooth 5.3 Earphones, IPX4 Waterproof for Sport ",19.99,20,5.0,https://www.bestbuy.com/site/tronsmart-sounfii-r4-wireless-earbuds-with-4-enc-noise-cancelling-mics-28hrs-bluetooth-5-3-earphones-ipx4-waterproof-for-sport-black/6595619.p?skuId=6595619
115,Apple  Geek Squad Certified Refurbished EarPods with Lightning Connector ,17.99,10,2.0,https://www.bestbuy.com/site/apple-geek-squad-certified-refurbished-earpods-with-lightning-connector-white/6524515.p?skuId=6524515
116,Apple  Geek Squad Certified Refurbished EarPods (USB,17.99,10,2.0,https://www.bestbuy.com/site/apple-geek-squad-certified-refurbished-earpods-usb-c-white/6562128.p?skuId=6562128
117,JLab  Studio Wired On,15.49,23,4.499999999999998,https://www.bestbuy.com/site/jlab-studio-wired-on-ear-headphones-black/6344798.p?skuId=6344798
118,Sony  ZX Series Wired On,9.99,50,9.999999999999998,https://www.bestbuy.com/site/sony-zx-series-wired-on-ear-headphones-black/8618232.p?skuId=8618232
119,Sony  MDREX14AP Wired Earbud Headphones ,7.49,50,7.5,https://www.bestbuy.com/site/sony-mdrex14ap-wired-earbud-headphones-black/5739305.p?skuId=5739305
